{"animate"	:	false,
"env_name"	:	"Pendulum-v0",
"exp_name"	:	"pend_b_64_lr_0.0005623413251903491",
"gamma"	:	0.99,
"learning_rate"	:	0.0005623413251903491,
"logdir"	:	"data_pg/pend_b_64_lr_0.0005623413251903491_Pendulum-v0_27-04-2019_17-26-09/21",
"max_path_length"	:	1000.0,
"min_timesteps_per_batch"	:	64,
"n_iter"	:	400,
"n_layers"	:	2,
"normalize_advantages"	:	true,
"reward_to_go"	:	true,
"seed"	:	21,
"size"	:	64}