{"animate"	:	false,
"env_name"	:	"Pendulum-v0",
"exp_name"	:	"pend_b_32_lr_0.0031622776601683794",
"gamma"	:	0.99,
"learning_rate"	:	0.0031622776601683794,
"logdir"	:	"data_pg/pend_b_32_lr_0.0031622776601683794_Pendulum-v0_27-04-2019_17-22-22/1",
"max_path_length"	:	1000.0,
"min_timesteps_per_batch"	:	32,
"n_iter"	:	400,
"n_layers"	:	2,
"normalize_advantages"	:	true,
"reward_to_go"	:	true,
"seed"	:	1,
"size"	:	64}